ip,port,total_packets,window_size,perror,payload_size,mbps
127.0.0.1,12345,400000,1000,0.0001,2500,3014.713333333333
127.0.0.1,12345,400000,1000,0.001,2500,1253.0716666666667
127.0.0.1,12345,400000,1000,0.01,2500,205.41
127.0.0.1,12345,400000,1000,0.1,2500,216.78
